Organe,Label,Volume (cm³),Masse (g),Énergie déposée (MeV),S-value (mGy/MBq.s)
Cerveau,3,0.665722144,0.69,10027688.090,0.05438988604096071
Coeur,4,0.226232364,0.24,2178.908,3.412101634566643e-05
Poumons,5,0.6090664969999999,0.18,1217.461,2.5021459084425622e-05
Foie,6,1.7944450639999998,1.88,21765.854,4.3381036956637624e-05
Estomac,7,0.5030719029999999,0.52,5029.600,3.6100542487940654e-05
Slpeen,8,0.10004367799999998,0.11,737.168,2.6104446987299573e-05
Rein,9,0.303447938,0.32,2159.984,2.5457791098542425e-05
Bladder,10,0.056241033999999995,0.06,165.812,1.0645687586440281e-05
